{"ar": [-0.25027256600728576, -0.05947305063815854, -0.018118263247135693, -0.008071591054468712, -0.0009989776436873398, 0.015345842056958795, 0.01873739493273911, -0.004050379324510604, -0.010021391831221794, -0.007765472786066451], "ma": [-0.2477244550787378, -0.06494797428951547, 0.01266144169328679, 0.0012143143875576112, -0.001408136050617492], "intercept": -0.25027256600728576}