{"ar": [0.06236535249097598, 0.05007431411080598, 0.03733737260755287, 0.025816378043302328, 0.012071859498244906, 0.02333916742669065, 0.017147210100634348, 0.016938351306965867, 0.009156063067256467, 0.005677830132438275], "ma": [0.08135932181519419, 0.06425148807544571, 0.04644423129612425, 0.03049977658607023, 0.013401490138670173], "intercept": 0.06236535249097598}